record_id,sequence,crop_recorded,year_pollinated,breeding_no,breeding_no_raw,cross_raw,recorded_parent_1,recorded_parent_2,pollination_mode,date_pol_raw,date_pol_iso,flowers_pollinated,fruit_matured_typed,plump_seed_typed,germinated_typed,nursery_typed,annotation_codes,typed_pdf_page,typed_page_row,handwritten_pdf_page,source_handle,source_sha256,source_pdf_link
hrc-apricot-1950-01,1,Apricot,1950,AT501,At 501,N4125 Jumbo (1) x Apri Blk. 21,N4125 Jumbo (1),Apri Blk. 21,paired_parents_recorded,3/8,1950-03-08,275,6,,,,omitted_annotation,34,1,17,https://hdl.handle.net/11299/206557,e6d76c5d41e013a193667914ffbeace5e3e9875262686df74ad940c9a646b298,../sources/pollination-1950-1955.pdf#page=34
hrc-apricot-1950-02,2,Apricot,1950,AT502,At 502,Apri. #3 (1) x Golden Glow,Apri. #3 (1),Golden Glow,paired_parents_recorded,3/9,1950-03-09,178,,,,,,34,2,17,https://hdl.handle.net/11299/206557,e6d76c5d41e013a193667914ffbeace5e3e9875262686df74ad940c9a646b298,../sources/pollination-1950-1955.pdf#page=34
hrc-apricot-1950-03,3,Apricot,1950,AT503,At 503,Apri. #6 (1) x Golden Glow,Apri. #6 (1),Golden Glow,paired_parents_recorded,3/9,1950-03-09,91,,,,,,34,3,17,https://hdl.handle.net/11299/206557,e6d76c5d41e013a193667914ffbeace5e3e9875262686df74ad940c9a646b298,../sources/pollination-1950-1955.pdf#page=34
hrc-apricot-1950-04,4,Apricot,1950,AT504,At 504,N48112 Hungarian Rose (1) x Apri. #38,N48112 Hungarian Rose (1),Apri. #38,paired_parents_recorded,3/10,1950-03-10,36,,,,,,34,4,17,https://hdl.handle.net/11299/206557,e6d76c5d41e013a193667914ffbeace5e3e9875262686df74ad940c9a646b298,../sources/pollination-1950-1955.pdf#page=34
hrc-apricot-1950-05,5,Apricot,1950,AT505,At 505,Zun (2) x Hungarian Rose,Zun (2),Hungarian Rose,paired_parents_recorded,3/10,1950-03-10,253,,,,,,34,5,17,https://hdl.handle.net/11299/206557,e6d76c5d41e013a193667914ffbeace5e3e9875262686df74ad940c9a646b298,../sources/pollination-1950-1955.pdf#page=34
hrc-apricot-1950-06,6,Apricot,1950,AT506,At 506,Zun (1) x Stella Apricot,Zun (1),Stella Apricot,paired_parents_recorded,3/10,1950-03-10,236,,,,,,34,6,17,https://hdl.handle.net/11299/206557,e6d76c5d41e013a193667914ffbeace5e3e9875262686df74ad940c9a646b298,../sources/pollination-1950-1955.pdf#page=34
hrc-apricot-1950-07,7,Apricot,1950,AT507,At 507,Zun (3) x Golden Glow,Zun (3),Golden Glow,paired_parents_recorded,3/10,1950-03-10,373,,,,,,34,7,17,https://hdl.handle.net/11299/206557,e6d76c5d41e013a193667914ffbeace5e3e9875262686df74ad940c9a646b298,../sources/pollination-1950-1955.pdf#page=34
hrc-apricot-1950-08,8,Apricot,1950,AT508,At 508,N4133 Golden Glow (1) x Apri. #29,N4133 Golden Glow (1),Apri. #29,paired_parents_recorded,3/9,1950-03-09,565,96,,,,,34,8,17,https://hdl.handle.net/11299/206557,e6d76c5d41e013a193667914ffbeace5e3e9875262686df74ad940c9a646b298,../sources/pollination-1950-1955.pdf#page=34
hrc-apricot-1950-09,9,Apricot,1950,AT509,At 509,N38172 Yankton (2) x Apri. #29,N38172 Yankton (2),Apri. #29,paired_parents_recorded,3/9,1950-03-09,462,79,,,,typographic,34,9,17,https://hdl.handle.net/11299/206557,e6d76c5d41e013a193667914ffbeace5e3e9875262686df74ad940c9a646b298,../sources/pollination-1950-1955.pdf#page=34
hrc-apricot-1950-10,10,Apricot,1950,AT5010,At 5010,N4046 Stella (2) x Apri. #38,N4046 Stella (2),Apri. #38,paired_parents_recorded,3/10,1950-03-10,225,17,,,,,34,10,17,https://hdl.handle.net/11299/206557,e6d76c5d41e013a193667914ffbeace5e3e9875262686df74ad940c9a646b298,../sources/pollination-1950-1955.pdf#page=34
hrc-apricot-1950-11,11,Apricot,1950,AT5011,At 5011,N3537 Manchu 18 (1) x Jumbo,N3537 Manchu 18 (1),Jumbo,paired_parents_recorded,3/8,1950-03-08,25,,,,,,34,11,17,https://hdl.handle.net/11299/206557,e6d76c5d41e013a193667914ffbeace5e3e9875262686df74ad940c9a646b298,../sources/pollination-1950-1955.pdf#page=34
hrc-apricot-1950-12,12,Apricot,1950,AT5012,At 5012,Apri. #9 (1) x Jumbo,Apri. #9 (1),Jumbo,paired_parents_recorded,3/8,1950-03-08,40,,,,,,34,12,17,https://hdl.handle.net/11299/206557,e6d76c5d41e013a193667914ffbeace5e3e9875262686df74ad940c9a646b298,../sources/pollination-1950-1955.pdf#page=34
hrc-apricot-1950-13,13,Apricot,1950,AT5013,At 5013,Apri. #4 (1) x Jumbo,Apri. #4 (1),Jumbo,paired_parents_recorded,3/8,1950-03-08,495,82,,,,,34,13,17,https://hdl.handle.net/11299/206557,e6d76c5d41e013a193667914ffbeace5e3e9875262686df74ad940c9a646b298,../sources/pollination-1950-1955.pdf#page=34
hrc-apricot-1950-14,14,Apricot,1950,AT5014,At 5014,Manchu Apri. (1) x Golden Glow,Manchu Apri. (1),Golden Glow,paired_parents_recorded,3/9,1950-03-09,103,,,,,omitted_annotation,34,14,17,https://hdl.handle.net/11299/206557,e6d76c5d41e013a193667914ffbeace5e3e9875262686df74ad940c9a646b298,../sources/pollination-1950-1955.pdf#page=34
hrc-apricot-1950-15,15,Apricot,1950,AT5015,At 5015,Manchu Apri. (2) x Yankton Apri.,Manchu Apri. (2),Yankton Apri.,paired_parents_recorded,3/9,1950-03-09,215,,,,,omitted_annotation,34,15,17,https://hdl.handle.net/11299/206557,e6d76c5d41e013a193667914ffbeace5e3e9875262686df74ad940c9a646b298,../sources/pollination-1950-1955.pdf#page=34
hrc-apricot-1950-16,16,Apricot,1950,AT5016,At 5016,N4356 M803 (1) x Apri. #38,N4356 M803 (1),Apri. #38,paired_parents_recorded,3/13,1950-03-13,147,,,,,,34,16,17,https://hdl.handle.net/11299/206557,e6d76c5d41e013a193667914ffbeace5e3e9875262686df74ad940c9a646b298,../sources/pollination-1950-1955.pdf#page=34
hrc-apricot-1950-17,17,Apricot,1950,ATO5017,Ato 5017,Apri. #10 open,Apri. #10,,explicit_open,3,,,57,,,,date_discrepancy;code_interpretation,34,17,17,https://hdl.handle.net/11299/206557,e6d76c5d41e013a193667914ffbeace5e3e9875262686df74ad940c9a646b298,../sources/pollination-1950-1955.pdf#page=34
hrc-apricot-1950-18,18,Apricot,1950,ATO5018,Ato 5018,Apri. #9 open,Apri. #9,,explicit_open,,,,32,,,,cross_column_addition;code_interpretation,34,18,17,https://hdl.handle.net/11299/206557,e6d76c5d41e013a193667914ffbeace5e3e9875262686df74ad940c9a646b298,../sources/pollination-1950-1955.pdf#page=34
hrc-apricot-1950-19,19,Apricot,1950,ATO5019,Ato 5019,Apri. #7 open,Apri. #7,,explicit_open,,,,69,,,,code_interpretation,34,19,17,https://hdl.handle.net/11299/206557,e6d76c5d41e013a193667914ffbeace5e3e9875262686df74ad940c9a646b298,../sources/pollination-1950-1955.pdf#page=34
hrc-apricot-1950-20,20,Apricot,1950,ATO5020,Ato 5020,Apri. #27 open,Apri. #27,,explicit_open,,,,1106,,,,cross_column_addition;code_interpretation,34,20,17,https://hdl.handle.net/11299/206557,e6d76c5d41e013a193667914ffbeace5e3e9875262686df74ad940c9a646b298,../sources/pollination-1950-1955.pdf#page=34
hrc-apricot-1950-21,21,Apricot,1950,ATO5021,Ato 5021,Apri. #11 open,Apri. #11,,explicit_open,,,,29,,,,code_interpretation,35,1,19,https://hdl.handle.net/11299/206557,e6d76c5d41e013a193667914ffbeace5e3e9875262686df74ad940c9a646b298,../sources/pollination-1950-1955.pdf#page=35
hrc-apricot-1950-22,22,Apricot,1950,ATO5022,Ato 5022,Apric #28 open,Apric #28,,explicit_open,,,,411,,,,cross_column_addition;code_interpretation,35,2,19,https://hdl.handle.net/11299/206557,e6d76c5d41e013a193667914ffbeace5e3e9875262686df74ad940c9a646b298,../sources/pollination-1950-1955.pdf#page=35
hrc-apricot-1950-23,23,Apricot,1950,ATO5023,Ato 5023,Apri. #8 open,Apri. #8,,explicit_open,,,,19,,,,code_interpretation,35,3,19,https://hdl.handle.net/11299/206557,e6d76c5d41e013a193667914ffbeace5e3e9875262686df74ad940c9a646b298,../sources/pollination-1950-1955.pdf#page=35
hrc-apricot-1950-24,24,Apricot,1950,ATO5024,Ato 5024,Apri. #26 open,Apri. #26,,explicit_open,,,,267,,,,cross_column_addition;code_interpretation,35,4,19,https://hdl.handle.net/11299/206557,e6d76c5d41e013a193667914ffbeace5e3e9875262686df74ad940c9a646b298,../sources/pollination-1950-1955.pdf#page=35
hrc-apricot-1950-25,25,Apricot,1950,ATO5025,Ato 5025,Apri. #40 open,Apri. #40,,explicit_open,,,,18,,,,code_interpretation,35,5,19,https://hdl.handle.net/11299/206557,e6d76c5d41e013a193667914ffbeace5e3e9875262686df74ad940c9a646b298,../sources/pollination-1950-1955.pdf#page=35
hrc-apricot-1950-26,26,Apricot,1950,ATO5026,Ato 5026,Apri. #43 open,Apri. #43,,explicit_open,,,,20,,,,code_interpretation,35,6,19,https://hdl.handle.net/11299/206557,e6d76c5d41e013a193667914ffbeace5e3e9875262686df74ad940c9a646b298,../sources/pollination-1950-1955.pdf#page=35
hrc-apricot-1950-27,27,Apricot,1950,ATO5027,Ato 5027,Apri. #14 open,Apri. #14,,explicit_open,,,,17,,,,code_interpretation,35,7,19,https://hdl.handle.net/11299/206557,e6d76c5d41e013a193667914ffbeace5e3e9875262686df74ad940c9a646b298,../sources/pollination-1950-1955.pdf#page=35
hrc-apricot-1950-28,28,Apricot,1950,ATO5028,Ato 5028,Apri. #35 open,Apri. #35,,explicit_open,,,,61,,,,code_interpretation,35,8,19,https://hdl.handle.net/11299/206557,e6d76c5d41e013a193667914ffbeace5e3e9875262686df74ad940c9a646b298,../sources/pollination-1950-1955.pdf#page=35
hrc-apricot-1950-29,29,Apricot,1950,ATO5029,Ato 5029,Apri. #16 open,Apri. #16,,explicit_open,,,,40,,,,code_interpretation,35,9,19,https://hdl.handle.net/11299/206557,e6d76c5d41e013a193667914ffbeace5e3e9875262686df74ad940c9a646b298,../sources/pollination-1950-1955.pdf#page=35
hrc-apricot-1950-30,30,Apricot,1950,ATO5030,Ato 5030,Apri. #52 open,Apri. #52,,explicit_open,,,,83,,,,code_interpretation,35,10,19,https://hdl.handle.net/11299/206557,e6d76c5d41e013a193667914ffbeace5e3e9875262686df74ad940c9a646b298,../sources/pollination-1950-1955.pdf#page=35
hrc-apricot-1950-31,31,Apricot,1950,ATO5031,Ato 5031,Apri. #23 open,Apri. #23,,explicit_open,,,,172,,,,code_interpretation,35,11,19,https://hdl.handle.net/11299/206557,e6d76c5d41e013a193667914ffbeace5e3e9875262686df74ad940c9a646b298,../sources/pollination-1950-1955.pdf#page=35
hrc-apricot-1950-32,32,Apricot,1950,ATO5032,Ato 5032,N2644 (P. armeniaca) open,N2644 (P. armeniaca),,explicit_open,,,,3,,,,cross_description_difference;code_interpretation,35,12,19,https://hdl.handle.net/11299/206557,e6d76c5d41e013a193667914ffbeace5e3e9875262686df74ad940c9a646b298,../sources/pollination-1950-1955.pdf#page=35
hrc-apricot-1950-33,33,Apricot,1950,ATO5033,Ato 5033,Apri. #15,Apri. #15,,unspecified_in_typed_cross,,,,6,,,,omitted_open_label;code_interpretation,35,13,19,https://hdl.handle.net/11299/206557,e6d76c5d41e013a193667914ffbeace5e3e9875262686df74ad940c9a646b298,../sources/pollination-1950-1955.pdf#page=35
hrc-apricot-1950-34,34,Apricot,1950,ATO5034,Ato 5034,Apri. #34.,Apri. #34.,,unspecified_in_typed_cross,,,,23,,,,omitted_open_label;code_interpretation,35,14,19,https://hdl.handle.net/11299/206557,e6d76c5d41e013a193667914ffbeace5e3e9875262686df74ad940c9a646b298,../sources/pollination-1950-1955.pdf#page=35
hrc-apricot-1950-35,35,Apricot,1950,ATO5035,Ato 5035,Apri. #24.,Apri. #24.,,unspecified_in_typed_cross,,,,31,,,,omitted_open_label;code_interpretation,35,15,19,https://hdl.handle.net/11299/206557,e6d76c5d41e013a193667914ffbeace5e3e9875262686df74ad940c9a646b298,../sources/pollination-1950-1955.pdf#page=35
hrc-apricot-1950-36,36,Apricot,1950,ATO5036,Ato 5036,Apri. #35,Apri. #35,,unspecified_in_typed_cross,,,,7,,,,omitted_open_label;code_interpretation,35,16,19,https://hdl.handle.net/11299/206557,e6d76c5d41e013a193667914ffbeace5e3e9875262686df74ad940c9a646b298,../sources/pollination-1950-1955.pdf#page=35
hrc-apricot-1950-37,37,Apricot,1950,ATO5037,Ato 5037,Apri. #30,Apri. #30,,unspecified_in_typed_cross,,,,14,,,,omitted_open_label;code_interpretation,35,17,19,https://hdl.handle.net/11299/206557,e6d76c5d41e013a193667914ffbeace5e3e9875262686df74ad940c9a646b298,../sources/pollination-1950-1955.pdf#page=35
hrc-apricot-1950-38,38,Apricot,1950,ATO5038,Ato 5038,Apri. #33,Apri. #33,,unspecified_in_typed_cross,,,,18,,,,omitted_open_label;code_interpretation,35,18,19,https://hdl.handle.net/11299/206557,e6d76c5d41e013a193667914ffbeace5e3e9875262686df74ad940c9a646b298,../sources/pollination-1950-1955.pdf#page=35
hrc-apricot-1950-39,39,Apricot,1950,ATO5039,Ato 5039,Apri. #13,Apri. #13,,unspecified_in_typed_cross,,,,174,,,,omitted_open_label;code_interpretation,35,19,19,https://hdl.handle.net/11299/206557,e6d76c5d41e013a193667914ffbeace5e3e9875262686df74ad940c9a646b298,../sources/pollination-1950-1955.pdf#page=35
hrc-apricot-1950-40,40,Apricot,1950,ATO5040,Ato 5040,Apri. #53,Apri. #53,,unspecified_in_typed_cross,,,,31,,,,omitted_open_label;code_interpretation,35,20,19,https://hdl.handle.net/11299/206557,e6d76c5d41e013a193667914ffbeace5e3e9875262686df74ad940c9a646b298,../sources/pollination-1950-1955.pdf#page=35
hrc-apricot-1950-41,41,Apricot,1950,ATO5041,Ato 5041,Apri. #41 open,Apri. #41,,explicit_open,,,,36,,,,code_interpretation,36,1,20,https://hdl.handle.net/11299/206557,e6d76c5d41e013a193667914ffbeace5e3e9875262686df74ad940c9a646b298,../sources/pollination-1950-1955.pdf#page=36
hrc-apricot-1950-42,42,Apricot,1950,ATO5042,Ato 5042,Apri. #44 open,Apri. #44,,explicit_open,,,,69,,,,code_interpretation,36,2,20,https://hdl.handle.net/11299/206557,e6d76c5d41e013a193667914ffbeace5e3e9875262686df74ad940c9a646b298,../sources/pollination-1950-1955.pdf#page=36
hrc-apricot-1950-43,43,Apricot,1950,ATO5043,Ato 5043,Apri. #29 open,Apri. #29,,explicit_open,,,,83,,,,code_interpretation,36,3,20,https://hdl.handle.net/11299/206557,e6d76c5d41e013a193667914ffbeace5e3e9875262686df74ad940c9a646b298,../sources/pollination-1950-1955.pdf#page=36
hrc-apricot-1950-44,44,Apricot,1950,ATO5044,Ato 5044,Apri. #47 open,Apri. #47,,explicit_open,,,,24,,,,code_interpretation,36,4,20,https://hdl.handle.net/11299/206557,e6d76c5d41e013a193667914ffbeace5e3e9875262686df74ad940c9a646b298,../sources/pollination-1950-1955.pdf#page=36
hrc-apricot-1950-45,45,Apricot,1950,ATO5045,Ato 5045,Apri. #52 open,Apri. #52,,explicit_open,,,,75,,,,code_interpretation,36,5,20,https://hdl.handle.net/11299/206557,e6d76c5d41e013a193667914ffbeace5e3e9875262686df74ad940c9a646b298,../sources/pollination-1950-1955.pdf#page=36
hrc-apricot-1950-46,46,Apricot,1950,ATO5046,Ato 5046,Apri. #56 open,Apri. #56,,explicit_open,,,,64,,,,code_interpretation,36,6,20,https://hdl.handle.net/11299/206557,e6d76c5d41e013a193667914ffbeace5e3e9875262686df74ad940c9a646b298,../sources/pollination-1950-1955.pdf#page=36
hrc-apricot-1950-47,47,Apricot,1950,ATO5047,Ato 5047,Apri. #17 open,Apri. #17,,explicit_open,,,,74,,,,code_interpretation,36,7,20,https://hdl.handle.net/11299/206557,e6d76c5d41e013a193667914ffbeace5e3e9875262686df74ad940c9a646b298,../sources/pollination-1950-1955.pdf#page=36
hrc-apricot-1950-48,48,Apricot,1950,ATO5048,Ato 5048,Apri. #46 open,Apri. #46,,explicit_open,,,,83,,,,code_interpretation,36,8,20,https://hdl.handle.net/11299/206557,e6d76c5d41e013a193667914ffbeace5e3e9875262686df74ad940c9a646b298,../sources/pollination-1950-1955.pdf#page=36
hrc-apricot-1950-49,49,Apricot,1950,ATO5049,Ato 5049,Apri. #54 open,Apri. #54,,explicit_open,,,,45,,,,code_interpretation,36,9,20,https://hdl.handle.net/11299/206557,e6d76c5d41e013a193667914ffbeace5e3e9875262686df74ad940c9a646b298,../sources/pollination-1950-1955.pdf#page=36
hrc-apricot-1950-50,50,Apricot,1950,ATO5050,Ato 5050,Apri. #36 open,Apri. #36,,explicit_open,,,,146,,,,code_interpretation,36,10,20,https://hdl.handle.net/11299/206557,e6d76c5d41e013a193667914ffbeace5e3e9875262686df74ad940c9a646b298,../sources/pollination-1950-1955.pdf#page=36
hrc-apricot-1950-51,51,Apricot,1950,ATO5051,Ato 5051,Apri. #55 open,Apri. #55,,explicit_open,,,,165,,,,code_interpretation,36,11,20,https://hdl.handle.net/11299/206557,e6d76c5d41e013a193667914ffbeace5e3e9875262686df74ad940c9a646b298,../sources/pollination-1950-1955.pdf#page=36
hrc-apricot-1950-52,52,Apricot,1950,ATO5052,Ato 5052,Apri. #56 open,Apri. #56,,explicit_open,,,,109,,,,code_interpretation,36,12,20,https://hdl.handle.net/11299/206557,e6d76c5d41e013a193667914ffbeace5e3e9875262686df74ad940c9a646b298,../sources/pollination-1950-1955.pdf#page=36
hrc-apricot-1950-53,53,Apricot,1950,ATO5053,Ato 5053,Apri. #58 open,Apri. #58,,explicit_open,,,,11,,,,code_interpretation,36,13,20,https://hdl.handle.net/11299/206557,e6d76c5d41e013a193667914ffbeace5e3e9875262686df74ad940c9a646b298,../sources/pollination-1950-1955.pdf#page=36
hrc-apricot-1950-54,54,Apricot,1950,ATO5054,Ato 5054,Apri. #57 open,Apri. #57,,explicit_open,,,,429,,,,agent_reading_disagreement;code_interpretation,36,14,20,https://hdl.handle.net/11299/206557,e6d76c5d41e013a193667914ffbeace5e3e9875262686df74ad940c9a646b298,../sources/pollination-1950-1955.pdf#page=36
hrc-apricot-1950-55,55,Apricot,1950,ATO5055,Ato 5055,Apri. #38 open,Apri. #38,,explicit_open,,,,435,,,,code_interpretation,36,15,20,https://hdl.handle.net/11299/206557,e6d76c5d41e013a193667914ffbeace5e3e9875262686df74ad940c9a646b298,../sources/pollination-1950-1955.pdf#page=36
