sequence	pdf_page	page_row	date_pol_raw	flowers_pol_raw	fruit_cell_raw	plump_seed_cell_raw	germinated_cell_raw	nursery_cell_raw	cross_column_expression
1	17	1	3-8-50	275	6				
2	17	2	3-9-50	178					
3	17	3	[ditto]	91					
4	17	4	3-10-50	36					
5	17	5	[ditto]	253					
6	17	6	[ditto]	236					
7	17	7	[ditto]	373					
8	17	8	3-9-50	565	96				
9	17	9	[ditto]	462	79				
10	17	10	3-10-50	225	17				
11	17	11	3-8-50	25					
12	17	12	[ditto]	40					
13	17	13	[ditto]	495	82				
14	17	14	3-9-50	103					
15	17	15	[ditto]	215					
16	17	16	3-13-50	147					
17	17	17	-	-	57				
18	17	18			22 +	10			22 + 10
19	17	19			69				
20	17	20			318 +	753 +	35		318 + 753 + 35
21	19	1	-	-	29				
22	19	2	-	-	44 +	367			44 + 367
23	19	3	-	-	19				
24	19	4	-	-	74 +	193			74 + 193
25	19	5	-	-	18				
26	19	6	-	-	20				
27	19	7	-	-	17				
28	19	8	-	-	61				
29	19	9	-	-	40				
30	19	10	-	-	83				
31	19	11	-	-	172				
32	19	12	-	-	3				
33	19	13	-	-	6				
34	19	14	-	-	23				
35	19	15	-	-	31				
36	19	16	-	-	7				
37	19	17	-	-	14				
38	19	18	-	-	18				
39	19	19	-	-	174				
40	19	20	-	-	31				
41	20	1	-	-	36				
42	20	2	-	-	69				
43	20	3	-	-	83				
44	20	4	-	-	24				
45	20	5	-	-	75				
46	20	6	-	-	64				
47	20	7	-	-	74				
48	20	8	-	-	83				
49	20	9	-	-	45				
50	20	10	-	-	146				
51	20	11	-	-	165				
52	20	12	-	-	109				
53	20	13	-	-	11				
54	20	14	-	-	429				
55	20	15	-	-	435				
