raw_parent_label,occurrences,record_ids,parent_positions,mapping_status,candidate_accession_id,mapping_evidence,curator_note
Apri Blk. 21,1,hrc-apricot-1950-01,2,unresolved,,,
Apri. #10,1,hrc-apricot-1950-17,1,unresolved,,,
Apri. #11,1,hrc-apricot-1950-21,1,unresolved,,,
Apri. #13,1,hrc-apricot-1950-39,1,unresolved,,,
Apri. #14,1,hrc-apricot-1950-27,1,unresolved,,,
Apri. #15,1,hrc-apricot-1950-33,1,unresolved,,,
Apri. #16,1,hrc-apricot-1950-29,1,unresolved,,,
Apri. #17,1,hrc-apricot-1950-47,1,unresolved,,,
Apri. #23,1,hrc-apricot-1950-31,1,unresolved,,,
Apri. #24.,1,hrc-apricot-1950-35,1,unresolved,,,
Apri. #26,1,hrc-apricot-1950-24,1,unresolved,,,
Apri. #27,1,hrc-apricot-1950-20,1,unresolved,,,
Apri. #29,3,hrc-apricot-1950-08;hrc-apricot-1950-09;hrc-apricot-1950-43,2;2;1,unresolved,,,
Apri. #3 (1),1,hrc-apricot-1950-02,1,unresolved,,,
Apri. #30,1,hrc-apricot-1950-37,1,unresolved,,,
Apri. #33,1,hrc-apricot-1950-38,1,unresolved,,,
Apri. #34.,1,hrc-apricot-1950-34,1,unresolved,,,
Apri. #35,2,hrc-apricot-1950-28;hrc-apricot-1950-36,1;1,unresolved,,,
Apri. #36,1,hrc-apricot-1950-50,1,unresolved,,,
Apri. #38,4,hrc-apricot-1950-04;hrc-apricot-1950-10;hrc-apricot-1950-16;hrc-apricot-1950-55,2;2;2;1,unresolved,,,
Apri. #4 (1),1,hrc-apricot-1950-13,1,unresolved,,,
Apri. #40,1,hrc-apricot-1950-25,1,unresolved,,,
Apri. #41,1,hrc-apricot-1950-41,1,unresolved,,,
Apri. #43,1,hrc-apricot-1950-26,1,unresolved,,,
Apri. #44,1,hrc-apricot-1950-42,1,unresolved,,,
Apri. #46,1,hrc-apricot-1950-48,1,unresolved,,,
Apri. #47,1,hrc-apricot-1950-44,1,unresolved,,,
Apri. #52,2,hrc-apricot-1950-30;hrc-apricot-1950-45,1;1,unresolved,,,
Apri. #53,1,hrc-apricot-1950-40,1,unresolved,,,
Apri. #54,1,hrc-apricot-1950-49,1,unresolved,,,
Apri. #55,1,hrc-apricot-1950-51,1,unresolved,,,
Apri. #56,2,hrc-apricot-1950-46;hrc-apricot-1950-52,1;1,unresolved,,,
Apri. #57,1,hrc-apricot-1950-54,1,unresolved,,,
Apri. #58,1,hrc-apricot-1950-53,1,unresolved,,,
Apri. #6 (1),1,hrc-apricot-1950-03,1,unresolved,,,
Apri. #7,1,hrc-apricot-1950-19,1,unresolved,,,
Apri. #8,1,hrc-apricot-1950-23,1,unresolved,,,
Apri. #9,1,hrc-apricot-1950-18,1,unresolved,,,
Apri. #9 (1),1,hrc-apricot-1950-12,1,unresolved,,,
Apric #28,1,hrc-apricot-1950-22,1,unresolved,,,
Golden Glow,4,hrc-apricot-1950-02;hrc-apricot-1950-03;hrc-apricot-1950-07;hrc-apricot-1950-14,2;2;2;2,unresolved,,,
Hungarian Rose,1,hrc-apricot-1950-05,2,unresolved,,,
Jumbo,3,hrc-apricot-1950-11;hrc-apricot-1950-12;hrc-apricot-1950-13,2;2;2,unresolved,,,
Manchu Apri. (1),1,hrc-apricot-1950-14,1,unresolved,,,
Manchu Apri. (2),1,hrc-apricot-1950-15,1,unresolved,,,
N2644 (P. armeniaca),1,hrc-apricot-1950-32,1,unresolved,,,
N3537 Manchu 18 (1),1,hrc-apricot-1950-11,1,unresolved,,,
N38172 Yankton (2),1,hrc-apricot-1950-09,1,unresolved,,,
N4046 Stella (2),1,hrc-apricot-1950-10,1,unresolved,,,
N4125 Jumbo (1),1,hrc-apricot-1950-01,1,unresolved,,,
N4133 Golden Glow (1),1,hrc-apricot-1950-08,1,unresolved,,,
N4356 M803 (1),1,hrc-apricot-1950-16,1,unresolved,,,
N48112 Hungarian Rose (1),1,hrc-apricot-1950-04,1,unresolved,,,
Stella Apricot,1,hrc-apricot-1950-06,2,unresolved,,,
Yankton Apri.,1,hrc-apricot-1950-15,2,unresolved,,,
Zun (1),1,hrc-apricot-1950-06,1,unresolved,,,
Zun (2),1,hrc-apricot-1950-05,1,unresolved,,,
Zun (3),1,hrc-apricot-1950-07,1,unresolved,,,
