sequence	pdf_page	page_row	breeding_no_raw	cross_raw	date_pol_raw	flowers_pol_raw	fruit_matured_raw	plump_seed_raw	germinated_raw	nursery_raw
1	34	1	At 501	N4125 Jumbo (1) x Apri Blk. 21	3/8	275	6			
2	34	2	At 502	Apri. #3 (1) x Golden Glow	3/9	178				
3	34	3	At 503	Apri. #6 (1) x Golden Glow	3/9	91				
4	34	4	At 504	N48112 Hungarian Rose (1) x Apri. #38	3/10	36				
5	34	5	At 505	Zun (2) x Hungarian Rose	3/10	253				
6	34	6	At 506	Zun (1) x Stella Apricot	3/10	236				
7	34	7	At 507	Zun (3) x Golden Glow	3/10	373				
8	34	8	At 508	N4133 Golden Glow (1) x Apri. #29	3/9	565	96			
9	34	9	At 509	N38172 Yankton (2) x Apri. #29	3/9	462	79			
10	34	10	At 5010	N4046 Stella (2) x Apri. #38	3/10	225	17			
11	34	11	At 5011	N3537 Manchu 18 (1) x Jumbo	3/8	25				
12	34	12	At 5012	Apri. #9 (1) x Jumbo	3/8	40				
13	34	13	At 5013	Apri. #4 (1) x Jumbo	3/8	495	82			
14	34	14	At 5014	Manchu Apri. (1) x Golden Glow	3/9	103				
15	34	15	At 5015	Manchu Apri. (2) x Yankton Apri.	3/9	215				
16	34	16	At 5016	N4356 M803 (1) x Apri. #38	3/13	147				
17	34	17	Ato 5017	Apri. #10 open	3		57			
18	34	18	Ato 5018	Apri. #9 open			32			
19	34	19	Ato 5019	Apri. #7 open			69			
20	34	20	Ato 5020	Apri. #27 open			1106			
21	35	1	Ato 5021	Apri. #11 open			29			
22	35	2	Ato 5022	Apric #28 open			411			
23	35	3	Ato 5023	Apri. #8 open			19			
24	35	4	Ato 5024	Apri. #26 open			267			
25	35	5	Ato 5025	Apri. #40 open			18			
26	35	6	Ato 5026	Apri. #43 open			20			
27	35	7	Ato 5027	Apri. #14 open			17			
28	35	8	Ato 5028	Apri. #35 open			61			
29	35	9	Ato 5029	Apri. #16 open			40			
30	35	10	Ato 5030	Apri. #52 open			83			
31	35	11	Ato 5031	Apri. #23 open			172			
32	35	12	Ato 5032	N2644 (P. armeniaca) open			3			
33	35	13	Ato 5033	Apri. #15			6			
34	35	14	Ato 5034	Apri. #34.			23			
35	35	15	Ato 5035	Apri. #24.			31			
36	35	16	Ato 5036	Apri. #35			7			
37	35	17	Ato 5037	Apri. #30			14			
38	35	18	Ato 5038	Apri. #33			18			
39	35	19	Ato 5039	Apri. #13			174			
40	35	20	Ato 5040	Apri. #53			31			
41	36	1	Ato 5041	Apri. #41 open			36			
42	36	2	Ato 5042	Apri. #44 open			69			
43	36	3	Ato 5043	Apri. #29 open			83			
44	36	4	Ato 5044	Apri. #47 open			24			
45	36	5	Ato 5045	Apri. #52 open			75			
46	36	6	Ato 5046	Apri. #56 open			64			
47	36	7	Ato 5047	Apri. #17 open			74			
48	36	8	Ato 5048	Apri. #46 open			83			
49	36	9	Ato 5049	Apri. #54 open			45			
50	36	10	Ato 5050	Apri. #36 open			146			
51	36	11	Ato 5051	Apri. #55 open			165			
52	36	12	Ato 5052	Apri. #56 open			109			
53	36	13	Ato 5053	Apri. #58 open			11			
54	36	14	Ato 5054	Apri. #57 open			429			
55	36	15	Ato 5055	Apri. #38 open			435			
